{
  "project_info": {
    "project_number": "450400768355",
    "firebase_url": "https://video-call-4937c-default-rtdb.firebaseio.com",
    "project_id": "video-call-4937c",
    "storage_bucket": "video-call-4937c.appspot.com"
  },
  "client": [
    {
      "client_info": {
        "mobilesdk_app_id": "1:450400768355:android:acd7251f315fef12358356",
        "android_client_info": {
          "package_name": "com.example.videocall"
        }
      },
      "oauth_client": [
        {
          "client_id": "450400768355-di63m9oiobr24mkbg456rqsn3c13oqf4.apps.googleusercontent.com",
          "client_type": 1,
          "android_info": {
            "package_name": "com.example.videocall",
            "certificate_hash": "b13a266ee785c96a3256c0b25d3e7e2844929af9"
          }
        },
        {
          "client_id": "450400768355-tif9m30k35lg41bo6er00vf0uca4sljo.apps.googleusercontent.com",
          "client_type": 3
        }
      ],
      "api_key": [
        {
          "current_key": "AIzaSyD1KFT_M6wX7bjV50jJ1V8baAnE4RkUH14"
        }
      ],
      "services": {
        "appinvite_service": {
          "other_platform_oauth_client": [
            {
              "client_id": "450400768355-tif9m30k35lg41bo6er00vf0uca4sljo.apps.googleusercontent.com",
              "client_type": 3
            }
          ]
        }
      }
    }
  ],
  "configuration_version": "1"
}