{
  "project_info": {
    "project_number": "29937664733",
    "project_id": "my-memory-9cc9d",
    "storage_bucket": "my-memory-9cc9d.appspot.com"
  },
  "client": [
    {
      "client_info": {
        "mobilesdk_app_id": "1:29937664733:android:d0f21bd5c3473493df5134",
        "android_client_info": {
          "package_name": "com.example.mymemory"
        }
      },
      "oauth_client": [
        {
          "client_id": "29937664733-2jpf4jaj91eno36bt9b2gksokirvorll.apps.googleusercontent.com",
          "client_type": 1,
          "android_info": {
            "package_name": "com.example.mymemory",
            "certificate_hash": "b13a266ee785c96a3256c0b25d3e7e2844929af9"
          }
        },
        {
          "client_id": "29937664733-i0o4kss45vr94aj6ai1gqib514h6d03v.apps.googleusercontent.com",
          "client_type": 3
        }
      ],
      "api_key": [
        {
          "current_key": "AIzaSyCnuFmPOJno_-1r_bgUgX-iGY3-H5rATL4"
        }
      ],
      "services": {
        "appinvite_service": {
          "other_platform_oauth_client": [
            {
              "client_id": "29937664733-i0o4kss45vr94aj6ai1gqib514h6d03v.apps.googleusercontent.com",
              "client_type": 3
            }
          ]
        }
      }
    }
  ],
  "configuration_version": "1"
}