{
  "project_info": {
    "project_number": "165175347407",
    "firebase_url": "https://admin-college-app-7a447-default-rtdb.firebaseio.com",
    "project_id": "admin-college-app-7a447",
    "storage_bucket": "admin-college-app-7a447.appspot.com"
  },
  "client": [
    {
      "client_info": {
        "mobilesdk_app_id": "1:165175347407:android:fed45883c1fa59d1e88fba",
        "android_client_info": {
          "package_name": "com.example.admincollegeapp"
        }
      },
      "oauth_client": [
        {
          "client_id": "165175347407-9cpr6o5ths7ni7qtga7n1p3biod9mcj5.apps.googleusercontent.com",
          "client_type": 1,
          "android_info": {
            "package_name": "com.example.admincollegeapp",
            "certificate_hash": "b13a266ee785c96a3256c0b25d3e7e2844929af9"
          }
        },
        {
          "client_id": "165175347407-jjkgneu891qv1or9as2fjjsbjmhtplf5.apps.googleusercontent.com",
          "client_type": 3
        }
      ],
      "api_key": [
        {
          "current_key": "AIzaSyAPzfJIKM6Pnk6y-hM22o-_1N3zhhG3QrY"
        }
      ],
      "services": {
        "appinvite_service": {
          "other_platform_oauth_client": [
            {
              "client_id": "165175347407-jjkgneu891qv1or9as2fjjsbjmhtplf5.apps.googleusercontent.com",
              "client_type": 3
            }
          ]
        }
      }
    },
    {
      "client_info": {
        "mobilesdk_app_id": "1:165175347407:android:561555ed3464f732e88fba",
        "android_client_info": {
          "package_name": "com.example.collegeapp"
        }
      },
      "oauth_client": [
        {
          "client_id": "165175347407-4c0vlk8o2or67jspjujcmlpavl0lh1id.apps.googleusercontent.com",
          "client_type": 1,
          "android_info": {
            "package_name": "com.example.collegeapp",
            "certificate_hash": "abd71211122f11aaa6fe32462c145cc657c2d7b3"
          }
        },
        {
          "client_id": "165175347407-jjkgneu891qv1or9as2fjjsbjmhtplf5.apps.googleusercontent.com",
          "client_type": 3
        }
      ],
      "api_key": [
        {
          "current_key": "AIzaSyAPzfJIKM6Pnk6y-hM22o-_1N3zhhG3QrY"
        }
      ],
      "services": {
        "appinvite_service": {
          "other_platform_oauth_client": [
            {
              "client_id": "165175347407-jjkgneu891qv1or9as2fjjsbjmhtplf5.apps.googleusercontent.com",
              "client_type": 3
            }
          ]
        }
      }
    }
  ],
  "configuration_version": "1"
}