{
  "project_info": {
    "project_number": "440538652525",
    "project_id": "my-chat-aaff8",
    "storage_bucket": "my-chat-aaff8.appspot.com"
  },
  "client": [
    {
      "client_info": {
        "mobilesdk_app_id": "1:440538652525:android:9a08decc4f8edc561b8464",
        "android_client_info": {
          "package_name": "com.example.mychat"
        }
      },
      "oauth_client": [
        {
          "client_id": "440538652525-gdmbg04l8c3401hrbsits8je64d8u8mg.apps.googleusercontent.com",
          "client_type": 1,
          "android_info": {
            "package_name": "com.example.mychat",
            "certificate_hash": "b13a266ee785c96a3256c0b25d3e7e2844929af9"
          }
        },
        {
          "client_id": "440538652525-jhv6rbhvgl72m6asar1vnejm4lch8c0i.apps.googleusercontent.com",
          "client_type": 3
        }
      ],
      "api_key": [
        {
          "current_key": "AIzaSyBfKxYNgZG_UNCiC-ovjc7VlISkE5NDWTA"
        }
      ],
      "services": {
        "appinvite_service": {
          "other_platform_oauth_client": [
            {
              "client_id": "440538652525-jhv6rbhvgl72m6asar1vnejm4lch8c0i.apps.googleusercontent.com",
              "client_type": 3
            }
          ]
        }
      }
    }
  ],
  "configuration_version": "1"
}