{
  "project_info": {
    "project_number": "349090201862",
    "project_id": "wallpapers-52375",
    "storage_bucket": "wallpapers-52375.appspot.com"
  },
  "client": [
    {
      "client_info": {
        "mobilesdk_app_id": "1:349090201862:android:775e826244439be7719e87",
        "android_client_info": {
          "package_name": "com.example.wallpapers"
        }
      },
      "oauth_client": [
        {
          "client_id": "349090201862-1dqgh91o0dqlna8lhiebpdcfqighjip4.apps.googleusercontent.com",
          "client_type": 3
        }
      ],
      "api_key": [
        {
          "current_key": "AIzaSyDByXSFB5y85QFKOa4fd1TAVV4IQTJ062U"
        }
      ],
      "services": {
        "appinvite_service": {
          "other_platform_oauth_client": [
            {
              "client_id": "349090201862-1dqgh91o0dqlna8lhiebpdcfqighjip4.apps.googleusercontent.com",
              "client_type": 3
            }
          ]
        }
      }
    }
  ],
  "configuration_version": "1"
}