{
  "project_info": {
    "project_number": "165175347407",
    "project_id": "admin-college-app-7a447",
    "storage_bucket": "admin-college-app-7a447.appspot.com"
  },
  "client": [
    {
      "client_info": {
        "mobilesdk_app_id": "1:165175347407:android:fed45883c1fa59d1e88fba",
        "android_client_info": {
          "package_name": "com.example.admincollegeapp"
        }
      },
      "oauth_client": [
        {
          "client_id": "165175347407-jjkgneu891qv1or9as2fjjsbjmhtplf5.apps.googleusercontent.com",
          "client_type": 3
        }
      ],
      "api_key": [
        {
          "current_key": "AIzaSyAPzfJIKM6Pnk6y-hM22o-_1N3zhhG3QrY"
        }
      ],
      "services": {
        "appinvite_service": {
          "other_platform_oauth_client": [
            {
              "client_id": "165175347407-jjkgneu891qv1or9as2fjjsbjmhtplf5.apps.googleusercontent.com",
              "client_type": 3
            }
          ]
        }
      }
    }
  ],
  "configuration_version": "1"
}